Name,PosX,PosY,PosZ,RotX,RotY,RotZ,ScaleX,ScaleY,ScaleZ
Path,-9.54,0.5,4.79,0,270,0,1,1,1
Path,3.96,0.5,4.79,0,90,0,1,1,1
Path,3.89,0.5,4.79,0,270,0,1,1,1
Path,17.39,0.5,4.79,0,90,0,1,1,1
Path,24.11,0.5,3.79,0,98.99999,0,1,1,1
Path,30.98,0.5,4.05,0,87.99999,0,1,1,1
Path,31.17,0.5,4.66,0,280,0,1,1,1
