Name,PosX,PosY,PosZ,RotX,RotY,RotZ,ScaleX,ScaleY,ScaleZ
Path,-10,0.5,2.2,0,270,0,1,1,1
Path,3.5,0.5,2.2,0,90,0,1,1,1
Path,3.43,0.5,2.2,0,270,0,1,1,1
Path,16.93,0.5,2.2,0,90,0,1,1,1
Path,23.65,0.5,1.2,0,98.99999,0,1,1,1
Path,30.52,0.5,1.46,0,87.99999,0,1,1,1
Path,30.71,0.5,2.07,0,280,0,1,1,1
Plane,50,0.5,0,0,0,10,2,1,5
Plane,0,0.5,0,0,0,0,10,1,5
Plane,80,0.5,0,0,0,350,2,1,5
Plane,65,2.2,0,0,0,0,1.1,1,5
Plane,100,0.5,0,0,0,0,5,1,5
